gene_symbol,Ensembl_ID,coefficient,train_mean,train_std,axis_rank,axis_family,tcga_logrank_p,tcga_logrank_fdr,internal_train_logrank_p,gse31210_best_p,gse50081_best_p,depmap_dependency_priority_score,spatial_best_p,external_direction_replicated,cross_layer_support_count,tcga_fdr_significant,internal_train_supported,gse31210_supported,gse50081_supported,depmap_dependency_supported,spatial_supported,risk_threshold,train_c_index,train_logrank_chi2,train_logrank_p,test_c_index,test_logrank_chi2,test_logrank_p
PLK1,ENSG00000166851.15,0.17122534527304806,3.3497431643679856,1.2676711967665475,1,mitotic_checkpoint,5.527419928829745e-06,0.020916035129074,0.0007678135627563,0.0075941323353389,0.6982901874396827,2.789708739109388,8.733926588357828e-05,True,5,True,True,True,False,True,True,-0.10026207521548042,0.6599648152802211,26.78893059731692,2.2693352623075206e-07,0.6396250808015513,11.082648202839216,0.0008713926707328601
ERO1A,ENSG00000197930.13,0.16235103651768715,6.072072158689821,1.048541734594414,2,ER_redox_stress,1.6163500509352223e-05,0.020916035129074,0.0037165955871597,1.2947763992626885e-05,0.0907781547796665,0.0042915441892616,8.733926588357828e-05,True,4,True,True,True,False,False,True,-0.10026207521548042,0.6599648152802211,26.78893059731692,2.2693352623075206e-07,0.6396250808015513,11.082648202839216,0.0008713926707328601
KNL1,ENSG00000137812.20,-0.08676944426658824,1.8479579564360424,0.9435165746089021,3,mitotic_checkpoint,2.0792784839597368e-05,0.020916035129074,,0.0009942994656575,0.4714724743732398,0.6474881539117191,0.0001146108970368,True,4,True,False,True,False,True,True,-0.10026207521548042,0.6599648152802211,26.78893059731692,2.2693352623075206e-07,0.6396250808015513,11.082648202839216,0.0008713926707328601
DEPDC1B,ENSG00000035499.13,-0.09071461127978946,2.355348505433344,1.1988800314900108,4,mitotic_checkpoint,1.9128799765491728e-05,0.020916035129074,0.0004105365515094,0.1414321834093915,0.2737158096760488,0.0,8.693824275833165e-05,False,3,True,True,False,False,False,True,-0.10026207521548042,0.6599648152802211,26.78893059731692,2.2693352623075206e-07,0.6396250808015513,11.082648202839216,0.0008713926707328601
TK1,ENSG00000167900.12,0.09654898847735859,6.091423098262067,1.4179647609991912,5,proliferation_nucleotide_metabolism,4.545871794785901e-05,0.032870173706192,0.0016007722881622,7.6812570656574e-05,0.0070010013926548,0.0,8.733926588357828e-05,True,5,True,True,True,True,False,True,-0.10026207521548042,0.6599648152802211,26.78893059731692,2.2693352623075206e-07,0.6396250808015513,11.082648202839216,0.0008713926707328601
DKK1,ENSG00000107984.10,0.34345496558021427,2.524361556616468,2.0829223651148037,6,Wnt_epithelial_remodeling,6.559119362589837e-06,0.020916035129074,3.50565310631553e-05,0.4127197042383862,7.736287939089915e-05,0.0489870994437166,0.248534679173058,True,3,True,True,False,True,False,False,-0.10026207521548042,0.6599648152802211,26.78893059731692,2.2693352623075206e-07,0.6396250808015513,11.082648202839216,0.0008713926707328601
C1QTNF6,ENSG00000133466.14,0.024320337486043203,3.381096737121098,1.0937261674069727,7,complement_like_epithelial_remodeling,2.1383805882759412e-05,0.020916035129074,0.0096255145909863,5.543574887949686e-05,2.217276989246651e-06,0.025278644324802,0.0003261108681576,True,5,True,True,True,True,False,True,-0.10026207521548042,0.6599648152802211,26.78893059731692,2.2693352623075206e-07,0.6396250808015513,11.082648202839216,0.0008713926707328601
STEAP1,ENSG00000164647.9,-0.10010180176813217,4.833175967009372,1.6017575189740345,8,metal_redox_epithelial_remodeling,4.191712890233631e-05,0.032870173706192,0.0008824814646586,0.0485106175283082,0.1579692505750041,0.0,0.0160657475766799,True,4,True,True,True,False,False,True,-0.10026207521548042,0.6599648152802211,26.78893059731692,2.2693352623075206e-07,0.6396250808015513,11.082648202839216,0.0008713926707328601
ECT2,ENSG00000114346.14,0.04228265380073356,4.586976231650056,1.11061676684688,9,mitotic_cytokinesis,0.0001815846065814,0.0549818492657432,0.0013271044913818,0.0043796659222429,0.7930486778686869,1.1896336204016646,8.733926588357828e-05,True,4,False,True,True,False,True,True,-0.10026207521548042,0.6599648152802211,26.78893059731692,2.2693352623075206e-07,0.6396250808015513,11.082648202839216,0.0008713926707328601
