analysis_layer,test_family,source_table,source_file_status,source_rows,endpoint_or_contrast,statistical_test,p_value_columns,p_value_columns_found,n_tests_observed,n_nominal_p_le_0_05_values,n_adjusted_p_le_0_05_values,minimum_p_value_observed,multiplicity_scope,adjustment_method,p_value_interpretation,confirmatory_status,manuscript_boundary
TCGA marker-score discovery,Marker-module survival and score association,04_completed_manuscript/tables/Table1_LUAD_marker_score_summary.csv,present,11,Marker-score distributions and first-pass score summaries,Descriptive summary; survival tests reported in Figure 3 source workflow,,,11,0,0,,Pre-specified compact marker panel,No p-value family in this summary table,Descriptive marker-panel context,exploratory context,Used to motivate candidate discovery; not treated as a standalone prognostic claim.
TCGA full-transcriptome survival screen,Genome-wide median-split survival screen,03_bioinformatics_data/processed/TCGA-LUAD_fulltranscriptome_gene_stats.csv,present,60660,Overall survival by high versus low gene expression,Log-rank test plus Spearman expression-survival screen,logrank_p;spearman_p;logrank_fdr,logrank_p;spearman_p;logrank_fdr,8000,3022,12,7.63e-07,"8,000 most variable eligible features screened after expression filtering",Benjamini-Hochberg FDR for log-rank screen,FDR-supported discovery screen; effect direction requires external validation,discovery screen with FDR,"Used for candidate prioritisation, not final clinical utility."
TCGA internal Cox modelling,Internal train/test Cox model performance,04_completed_manuscript/tables/Table3_LUAD_internal_cox_model.csv,present,8,Ridge Cox selected features and held-out risk stratification,"Penalized Cox model, C-index and held-out log-rank test",,,8,0,0,,Model selected from discovery candidates and evaluated in held-out TCGA split,Train/test split; no post-selection multiplicity correction,Internal model-performance boundary,internal validation,Held-out C-index is modest; model supports prioritisation only.
Consensus biological-axis prognostic comparator,PLK1/ERO1A consensus-axis TCGA train/test model performance,04_completed_manuscript/tables/Table22_LUAD_consensus_axis_prognostic_model.csv,present,9,Pre-prioritised cross-layer candidate genes and held-out TCGA risk stratification,"Penalized Cox comparator, C-index and train/test log-rank tests",train_logrank_p;test_logrank_p,train_logrank_p;test_logrank_p,9,18,0,2.27e-07,"Review-driven compact biological-axis comparator selected from TCGA, GEO, HPA, spatial and DepMap support layers",Train/test split; no post-selection multiplicity correction; interpreted as exploratory comparator,Biological-axis model-performance boundary,exploratory internal comparator,"Improves biological alignment and held-out separation versus the original ridge score, but remains below a stringent clinical-prediction threshold and requires external transfer."
Consensus-axis external transfer validation,PLK1/ERO1A consensus-axis GEO transfer performance,04_completed_manuscript/tables/Table23_LUAD_consensus_axis_external_validation.csv,present,20,Locked consensus-axis score transferred to GSE31210 and GSE50081,"Cox model, C-index and median-score log-rank test",p_value;risk_group_logrank_p,p_value;risk_group_logrank_p,20,32,0,2.04e-05,"Two public GEO validation cohorts, two survival endpoints per cohort and clinical-adjusted sensitivity models",Nominal external endpoint p values; interpreted with cohort and endpoint boundaries,Retrospective external transfer evidence,external validation with retrospective boundary,"Supports cross-cohort transfer of the biological axis but remains retrospective public microarray evidence, not clinical utility."
Consensus-axis horizon performance diagnostics,"PLK1/ERO1A consensus-axis 2-, 3-, and 5-year horizon diagnostics",04_completed_manuscript/tables/Table24_LUAD_consensus_axis_horizon_performance.csv,present,18,Censoring-filtered time-point AUC and observed event-rate separation,Horizon AUC by binary case/control status at fixed time points,,,18,0,0,,"TCGA train/test and GEO transfer cohort endpoints across 2-, 3-, and 5-year horizons",No p-value family; source rows are performance diagnostics,Discrimination diagnostic without formal IPCW calibration,exploratory performance diagnostic,Supports time-point discrimination checks but not calibrated absolute-risk prediction or clinical utility.
Consensus-axis apparent calibration and decision-curve diagnostics,PLK1/ERO1A consensus-axis 3-year calibration and decision-curve diagnostics,04_completed_manuscript/tables/Table29_LUAD_consensus_axis_clinical_utility_diagnostics.csv,present,6,"Apparent 3-year predicted-risk calibration, Brier score, expected calibration error and decision-curve net benefit",Censoring-filtered binary-horizon logistic calibration and standard decision-curve net benefit,,,6,0,0,,TCGA train/test and GEO transfer cohort endpoints at a 3-year horizon,No p-value family; source rows are apparent calibration and decision-curve diagnostics,Clinical-utility diagnostic without formal IPCW weighting or external calibration,exploratory performance diagnostic,"Supports model-audit transparency but does not establish calibrated absolute-risk prediction, prospective utility or treatment-decision readiness."
Risk-score immune and proliferation context,Risk-score correlation with biological context scores,04_completed_manuscript/tables/Table4_LUAD_risk_context_correlations.csv,present,11,"Risk score versus immune, checkpoint, stromal and proliferation modules",Spearman correlation,p_value,p_value,11,5,0,1.79e-36,Small pre-defined context-score family,Nominal p values; no FDR column in table,Exploratory biological context,exploratory context,"Supports interpretation of the risk axis, not independent mechanism."
Clinical and mutation context,Multivariable clinical Cox and mutation burden associations,04_completed_manuscript/tables/Table5_LUAD_multivariable_cox.csv,present,9,Overall survival with clinical covariates,Cox proportional hazards model,p_value,p_value,9,4,0,6.14e-13,Pre-specified clinical adjustment model,Nominal model p values,Adjusted association within TCGA,internal adjusted association,Supports robustness inside TCGA; not prospective clinical validation.
GEO external survival validation,GSE31210 transferred risk-score validation,04_completed_manuscript/tables/Table7_GSE31210_risk_score_validation.csv,present,20,OS and RFS in stage I-II LUAD,"Cox model, C-index and log-rank test",p_value;risk_group_logrank_p,p_value;risk_group_logrank_p,20,16,0,0.000336,External validation endpoints evaluated after TCGA model lock,Nominal endpoint p values; no cohort-level FDR,External validation evidence with endpoint boundary,external validation,Supports transferability in one LUAD cohort; endpoint multiplicity is disclosed.
GEO external survival validation,GSE31210 candidate-gene direction validation,04_completed_manuscript/tables/Table8_GSE31210_candidate_gene_validation.csv,present,28,Candidate gene OS/RFS direction and p values,Per-gene Cox/log-rank transfer tests,tcga_logrank_p;tcga_fdr;OS_cox_p;OS_logrank_p;RFS_cox_p;RFS_logrank_p,tcga_logrank_p;tcga_fdr;OS_cox_p;OS_logrank_p;RFS_cox_p;RFS_logrank_p,28,90,0,6.86e-07,Candidate set carried forward from TCGA discovery,TCGA discovery FDR retained; external p values nominal,Direction-consistency and prioritisation evidence,exploratory external candidate validation,"Used as directional replication, not per-gene definitive validation."
GEO external survival validation,GSE50081 transferred risk-score validation,04_completed_manuscript/tables/Table9_GSE50081_risk_score_validation.csv,present,20,OS and DFS in NSCLC and adenocarcinoma-like subsets,"Cox model, C-index and log-rank test",p_value;risk_group_logrank_p,p_value;risk_group_logrank_p,20,13,0,0.00118,External endpoints and subset analysis,Nominal endpoint p values; no cohort-level FDR,External validation evidence with subset boundary,external validation,"Supports transferability, with histology/subset caveat."
GEO external survival validation,GSE50081 candidate-gene direction validation,04_completed_manuscript/tables/Table10_GSE50081_candidate_gene_validation.csv,present,28,Candidate gene OS/DFS direction and p values,Per-gene Cox/log-rank transfer tests,tcga_logrank_p;tcga_fdr;OS_cox_p;OS_logrank_p;DFS_cox_p;DFS_logrank_p,tcga_logrank_p;tcga_fdr;OS_cox_p;OS_logrank_p;DFS_cox_p;DFS_logrank_p,28,78,12,5.61e-08,Candidate set carried forward from TCGA discovery,TCGA discovery FDR retained; external p values nominal,Direction-consistency and prioritisation evidence,exploratory external candidate validation,"Used as directional replication, not per-gene definitive validation."
Pathway enrichment,g:Profiler candidate-gene enrichment,04_completed_manuscript/tables/Table11_LUAD_pathway_enrichment.csv,present,24,Functional enrichment terms across candidate gene sets,g:Profiler enrichment test,p_value,p_value,24,24,0,0.00441,Gene-set enrichment queries over g:Profiler term universe,g:Profiler multiple-testing corrected p values,Adjusted pathway-context signal,exploratory pathway interpretation,"Supports pathway interpretation, not mechanism by itself."
HPA pathology validation,HPA LUAD prognostic status support,04_completed_manuscript/tables/Table14_HPA_LUAD_tissue_validation.csv,present,35,Candidate HPA pathology status and TCGA/HPA p values,HPA-provided prognostic association summary,hpa_tcga_p_value;hpa_validation_p_value,hpa_tcga_p_value;hpa_validation_p_value,30,51,0,2.07e-10,Candidate-gene atlas lookup,HPA source-level statistics; no new local multiplicity correction,Independent atlas support or boundary,external atlas context,Atlas support is contextual and not raw spatial or causal evidence.
Spatial transcriptomics,Tumour versus adjacent-normal Visium candidate expression,04_completed_manuscript/tables/Table15_E-MTAB13530_LUAD_spatial_candidate_expression.csv,present,21,Section-level tumour versus adjacent-normal candidate expression,Mann-Whitney U test,mannwhitney_p,mannwhitney_p,21,16,0,8.34e-05,Candidate genes across 22 public LUAD Visium sections,Nominal p values; effect-size and section-consistency emphasised,Spatial support with histology/deconvolution boundary,exploratory spatial context,Spot-level expression support; not malignant-cell-specific deconvolution.
Spatial transcriptomics,Spot-level marker-module microenvironment association,04_completed_manuscript/tables/Table20_E-MTAB13530_LUAD_spatial_microenvironment_modules.csv,present,18,Candidate-axis module scores versus microenvironment proxy signatures,Section-wise Spearman correlation summarised across sections,min_spearman_p,min_spearman_p,18,18,0,1.86e-180,Candidate axis by microenvironment module pairs across Visium sections,Nominal minimum section p values; median rho and section sign counts prioritised,Exploratory spatial microenvironment mapping,exploratory spatial context,Marker-module proxy only; not histology-guided deconvolution.
Spatial malignant-proxy validation,E-MTAB13530 epithelial-high malignant-proxy candidate-axis enrichment,04_completed_manuscript/tables/Table25_E-MTAB13530_LUAD_spatial_malignant_proxy_validation.csv,present,3,Candidate-axis module scores in epithelial-high proxy spots versus other tumour spots,Section-wise Mann-Whitney U test plus median high-minus-other score,minimum_mannwhitney_p;minimum_mannwhitney_fdr,minimum_mannwhitney_p;minimum_mannwhitney_fdr,3,6,3,1.51e-97,Three candidate-axis signatures across tumour sections,Benjamini-Hochberg FDR across axis-level minimum p values; section-level p values kept in source output,Marker-informed spatial mechanism support,exploratory spatial mechanism proxy,"Epithelial-high proxy supports localisation refinement but is not histology segmentation, deconvolution, or causal mechanism."
Spatial marker-basis deconvolution,E-MTAB13530 candidate-axis marker-basis cell-state association,04_completed_manuscript/tables/Table27_E-MTAB13530_LUAD_spatial_marker_basis_deconvolution.csv,present,18,Candidate-axis score versus marker-basis cell-state fraction across tumour spots,Section-level Spearman correlation summarized by axis and marker-basis cell state,minimum_spearman_p;minimum_spearman_fdr,minimum_spearman_p;minimum_spearman_fdr,18,36,18,4.36e-162,Candidate axes by marker-basis cell states across tumour Visium sections,Benjamini-Hochberg FDR across axis-cell-state summary minimum p values; section-level p values retained in source output,Marker-basis spatial cell-state association,exploratory spatial deconvolution proxy,"Marker-basis composition supports spatial cell-state association but is not histology segmentation, reference-based single-cell deconvolution, or causal mechanism."
Spatial CZI reference-guided deconvolution,E-MTAB13530 CZI WMG reference-guided NNLS candidate-axis association,04_completed_manuscript/tables/Table28_E-MTAB13530_LUAD_spatial_czi_reference_deconvolution.csv,present,18,Candidate-axis score versus CZI WMG reference-guided NNLS fraction across tumour spots,Section-level Spearman correlation summarized by axis and CZI reference cell state,minimum_spearman_p;minimum_spearman_fdr,minimum_spearman_p;minimum_spearman_fdr,18,36,18,5.64e-134,Candidate axes by CZI WMG reference cell states across tumour Visium sections,Benjamini-Hochberg FDR across axis-cell-state summary minimum p values; section-level p values retained in source output,CZI reference-guided spatial deconvolution association,exploratory reference-guided spatial deconvolution,"CZI WMG candidate-gene NNLS supports reference-guided spatial association but is not histology segmentation, full-transcriptome single-cell deconvolution, or causal mechanism."
Spatial histology-image-informed stratification,E-MTAB13530 H&E image feature candidate-axis association,04_completed_manuscript/tables/Table30_E-MTAB13530_LUAD_spatial_histology_image_stratification.csv,present,12,"Candidate-axis score versus local H&E optical-density, stain-proxy and texture features across tumour spots",Section-level Spearman correlation and high-versus-low image-stratum Mann-Whitney test,minimum_spearman_p;minimum_spearman_fdr,minimum_spearman_p;minimum_spearman_fdr,12,24,12,3.99e-36,Candidate axes by H&E image-derived features across tumour Visium sections,Benjamini-Hochberg FDR across axis-image-feature summary minimum p values; section-level p values retained in source output,Exploratory H&E image-informed spatial association,exploratory histology-image spatial context,"Image-informed H&E stratification anchors spots to matched tissue images but is not pathologist-annotated segmentation, malignant-cell calling, or causal mechanism."
DepMap dependency,LUAD versus non-lung CRISPR dependency contrast,04_completed_manuscript/tables/Table16_DepMap26Q1_LUAD_CRISPR_dependency.csv,present,22,Candidate-gene Chronos dependency in LUAD models,Mann-Whitney U test plus dependency fraction,luad_vs_non_lung_mannwhitney_p,luad_vs_non_lung_mannwhitney_p,22,4,0,0.00104,Candidate genes in DepMap Public 26Q1,Nominal p values; dependency effect size prioritised,Functional prioritisation in cell lines,exploratory functional context,Cell-line dependency is not patient treatment response.
Drug-response association,Dependency-score versus pharmacogenomic AUC associations,04_completed_manuscript/tables/Table17_DrugResponse25Q2_dependency_response.csv,present,71,Candidate dependency score versus compound response across screens,Spearman correlation,p_value;fdr,p_value;fdr,71,45,3,8.24e-05,"2,629 screen-compound association tests across GDSC/CTRP/PRISM screens",Benjamini-Hochberg FDR within dependency-response association screen,Exploratory pharmacogenomic prioritisation,exploratory drug-response context,"AUC associations are cell-line leads, not clinical drug-response evidence."
NSCLC ICB clinical response,Pooled responder versus non-responder endpoint contrast,03_bioinformatics_data/processed/NSCLC_ICB_response_endpoint_associations.csv,present,7,PFS and OS by ICB response label,Mann-Whitney U test on endpoint time,mannwhitney_p,mannwhitney_p,7,7,0,1.48e-21,Clinical metadata inventory endpoints,Nominal p values; metadata-inventory boundary,Clinical label sanity check,metadata validation,Clinical-response labels are used as downstream validation targets.
NSCLC ICB expression response,Expression score responder versus non-responder association,04_completed_manuscript/tables/Table19_NSCLC_ICB_expression_response_validation.csv,present,4,Immune-panel score and transferred TCGA Cox score by ICB response,Mann-Whitney U test and Spearman response correlation,mannwhitney_p;spearman_response_p,mannwhitney_p;spearman_response_p,4,6,0,0.000172,Three public NSCLC ICB expression cohorts and score types,Nominal p values; cohort-level validation boundary,Retrospective response-validation evidence,exploratory clinical-expression validation,Immune score recapitulates response biology; TCGA survival score is not an ICB predictor.
NSCLC ICB expression meta-analysis,Pooled responder versus non-responder expression effect size,04_completed_manuscript/tables/Table26_NSCLC_ICB_expression_meta_analysis.csv,present,6,Cohort-level and pooled Hedges g for ICB responder immune-panel scores,Standardized mean difference with fixed/random-effects meta-analysis,p_value,p_value,6,5,0,3.05e-05,Cohort-level and pooled immune-panel expression-response effect-size rows,Nominal meta-analytic p values; random-effects heterogeneity reported with I2,Retrospective pooled expression-response evidence,exploratory clinical-expression meta-analysis,"Pooled ICB expression signal supports responder-associated immune activation, not clinical prediction."
