cell_type,gene,n_cells,mean_expr,pct_expressing
B lymphocytes,C1QTNF6,27657,0.004925060451510019,0.46642802907039804
B lymphocytes,KNL1,27657,0.010437796476371506,1.0847163466753442
B lymphocytes,CD14,27657,0.019668372648312293,1.8512492316592546
B lymphocytes,CD3D,27657,0.10597489910013758,8.35954731171132
B lymphocytes,CD3E,27657,0.06373385508442914,5.159634089019055
B lymphocytes,CD4,27657,0.014839586853377221,1.3558954333441806
B lymphocytes,CD68,27657,0.11895565561429662,9.697364139277578
B lymphocytes,CD79A,27657,2.2784446204257285,91.02216437068374
B lymphocytes,CD8A,27657,0.015541827350171782,1.3486639910330116
B lymphocytes,CLDN5,27657,0.001908902238020566,0.16632317315688613
B lymphocytes,COL1A1,27657,0.012743831755228044,1.1751093755649564
B lymphocytes,DCN,27657,0.01841566567615218,1.786166250858734
B lymphocytes,DEPDC1B,27657,0.005254683594737966,0.7267599522724808
B lymphocytes,DKK1,27657,0.0019850541142199607,0.20248038471273097
B lymphocytes,ECT2,27657,0.004837839911929653,0.571283942582348
B lymphocytes,EPCAM,27657,0.018088401003250997,1.5294500488122356
B lymphocytes,ERO1A,27657,0.051834702812367295,4.812524858082945
B lymphocytes,FCGR3A,27657,0.015422178492321652,1.4535199045449616
B lymphocytes,GNLY,27657,0.037829566493557384,3.207144665003435
B lymphocytes,KRT18,27657,0.04942281285023146,4.476262790613588
B lymphocytes,KRT19,27657,0.03925529494839348,3.3373106266044763
B lymphocytes,LYZ,27657,0.13437408174783147,10.962866543732147
B lymphocytes,MARCO,27657,0.01766067816695409,1.7210832700582133
B lymphocytes,MKI67,27657,0.023356140411737936,1.854864952814839
B lymphocytes,MS4A1,27657,1.5556157888201776,71.21162815923637
B lymphocytes,MZB1,27657,0.5143247329280863,24.06985573272589
B lymphocytes,NAPSA,27657,0.05387474423727114,4.262935242434104
B lymphocytes,NKG7,27657,0.07053847691830034,5.521206204577503
B lymphocytes,PECAM1,27657,0.06329810699437186,6.566149618541418
B lymphocytes,PLK1,27657,0.013260016046728284,1.142567885164696
B lymphocytes,PTPRC,27657,0.6000770644583168,38.50381458581914
B lymphocytes,SFTPC,27657,0.2391588202319846,12.506779477166722
B lymphocytes,STEAP1,27657,0.0024418829422429,0.23863759626857575
B lymphocytes,TK1,27657,0.03838769385698164,2.8130310590447265
B lymphocytes,TOP2A,27657,0.020374923275106534,1.630690241168601
B lymphocytes,VWF,27657,0.0015303255332559677,0.17355461546805512
Endothelial cells,C1QTNF6,2107,0.027111233130097473,2.6103464641670624
Endothelial cells,KNL1,2107,0.005536405790313843,0.47460844803037494
Endothelial cells,CD14,2107,0.3539796589557544,21.357380161366873
Endothelial cells,CD3D,2107,0.05839595372590725,4.603701945894637
Endothelial cells,CD3E,2107,0.044751630443677484,3.6070242050308496
Endothelial cells,CD4,2107,0.022527190836906106,2.5628856193640246
Endothelial cells,CD68,2107,0.14592988650471142,11.627906976744185
Endothelial cells,CD79A,2107,0.01205274371832173,1.0915994304698624
Endothelial cells,CD8A,2107,0.02069496514585948,1.7085904129093499
Endothelial cells,CLDN5,2107,2.7202006701556183,92.69102990033223
Endothelial cells,COL1A1,2107,0.01780534212671418,1.8509729473184622
Endothelial cells,DCN,2107,0.07643830439074639,6.502135738016136
Endothelial cells,DEPDC1B,2107,0.0011929216626126833,0.23730422401518747
Endothelial cells,DKK1,2107,0.0,0.0
Endothelial cells,ECT2,2107,0.027165741789866974,2.895111532985287
Endothelial cells,EPCAM,2107,0.039602332101272196,4.034171808258187
Endothelial cells,ERO1A,2107,0.08838581577455337,9.06502135738016
Endothelial cells,FCGR3A,2107,0.07232135838770674,5.742762221167537
Endothelial cells,GNLY,2107,0.12771808693442827,8.16326530612245
Endothelial cells,KRT18,2107,0.19255019666833922,15.994304698623635
Endothelial cells,KRT19,2107,0.055716092708482386,4.556241101091599
Endothelial cells,LYZ,2107,0.35507854439929365,24.39487422876127
Endothelial cells,MARCO,2107,0.14454608617587397,9.824394874228762
Endothelial cells,MKI67,2107,0.004168614587818574,0.37968675842429994
Endothelial cells,MS4A1,2107,0.0032191879749506307,0.33222591362126247
Endothelial cells,MZB1,2107,0.020183663045146957,1.6611295681063125
Endothelial cells,NAPSA,2107,0.07721645408116525,6.4546748932131
Endothelial cells,NKG7,2107,0.19169467310206767,11.817750355956335
Endothelial cells,PECAM1,2107,1.7607574557239847,84.00569530137636
Endothelial cells,PLK1,2107,0.0019986483499880537,0.23730422401518747
Endothelial cells,PTPRC,2107,0.08149502156882896,6.786900806834362
Endothelial cells,SFTPC,2107,1.0238361308588084,57.19031798766018
Endothelial cells,STEAP1,2107,0.0029012349215090842,0.28476506881822494
Endothelial cells,TK1,2107,0.04624331531048985,3.559563360227812
Endothelial cells,TOP2A,2107,0.008081988207948908,0.7119126720455624
Endothelial cells,VWF,2107,1.7391349091733979,70.05220692928334
Epithelial cells,C1QTNF6,36467,0.03852514903987366,7.069405215674446
Epithelial cells,KNL1,36467,0.012604866447046002,2.550250911783256
Epithelial cells,CD14,36467,0.046312736930019555,8.20193599692873
Epithelial cells,CD3D,36467,0.028928448464926072,4.62335810458771
Epithelial cells,CD3E,36467,0.014680185112040655,2.3089368470123675
Epithelial cells,CD4,36467,0.013368823152974104,2.0977870403378396
Epithelial cells,CD68,36467,0.10264993106982553,15.364576192173745
Epithelial cells,CD79A,36467,0.015246577180813329,2.7230098445169606
Epithelial cells,CD8A,36467,0.007033741762361794,1.1681794499136204
Epithelial cells,CLDN5,36467,0.005479424613438563,0.9186387692982696
Epithelial cells,COL1A1,36467,0.3643890756922788,31.48600104203801
Epithelial cells,DCN,36467,0.033315618224801904,4.047494995475361
Epithelial cells,DEPDC1B,36467,0.010612778948309769,2.4103984424274
Epithelial cells,DKK1,36467,0.03658526942578188,4.809828063728851
Epithelial cells,ECT2,36467,0.06938144147599974,12.287821866344913
Epithelial cells,EPCAM,36467,1.4520759759630768,82.48553486714016
Epithelial cells,ERO1A,36467,0.5788751206505451,50.19880988290784
Epithelial cells,FCGR3A,36467,0.02889940305232547,4.34091096059451
Epithelial cells,GNLY,36467,0.08462743979674194,10.76041352455645
Epithelial cells,KRT18,36467,2.0703370540176844,90.04579482820084
Epithelial cells,KRT19,36467,2.1048089582729284,88.36756519593057
Epithelial cells,LYZ,36467,0.157928719722806,18.07661721556476
Epithelial cells,MARCO,36467,0.04177599413550791,5.3143938355225275
Epithelial cells,MKI67,36467,0.048625938740341774,6.688238681547701
Epithelial cells,MS4A1,36467,0.004227571718760666,0.7815285052239009
Epithelial cells,MZB1,36467,0.013627923978383976,2.1498889406860995
Epithelial cells,NAPSA,36467,1.599648026743916,72.97282474566046
Epithelial cells,NKG7,36467,0.056776627785999324,7.4752515973345774
Epithelial cells,PECAM1,36467,0.03890887410386946,6.501768722406559
Epithelial cells,PLK1,36467,0.027507020284983565,4.310746702498149
Epithelial cells,PTPRC,36467,0.021396577453115066,3.2248334110291497
Epithelial cells,SFTPC,36467,1.0147483107924196,24.408369210519098
Epithelial cells,STEAP1,36467,0.21079938460388672,26.667946362464694
Epithelial cells,TK1,36467,0.17526574093462224,19.294156360545152
Epithelial cells,TOP2A,36467,0.09075987305835417,10.368278169303755
Epithelial cells,VWF,36467,0.0045729644778358764,0.8692790742314971
Fibroblasts,C1QTNF6,3794,0.07602412886709053,9.462308908803374
Fibroblasts,KNL1,3794,0.001970690762769701,0.28993147074327885
Fibroblasts,CD14,3794,0.1889770384711757,17.474960463890355
Fibroblasts,CD3D,3794,0.05963772776202344,5.9567738534528205
Fibroblasts,CD3E,3794,0.03240740781642952,3.2419609910384817
Fibroblasts,CD4,3794,0.23684457694005057,24.433315761729048
Fibroblasts,CD68,3794,0.22072420085530747,23.062730627306273
Fibroblasts,CD79A,3794,0.018282303858542074,2.319451765946231
Fibroblasts,CD8A,3794,0.020010239091190204,1.8977332630469164
Fibroblasts,CLDN5,3794,0.009926064606811714,1.1333684765419083
Fibroblasts,COL1A1,3794,2.399005488515506,86.47865050079072
Fibroblasts,DCN,3794,4.1930808136392725,98.04955192409068
Fibroblasts,DEPDC1B,3794,0.002636713556926144,0.3953610964681075
Fibroblasts,DKK1,3794,0.01058862955114397,1.265155508697944
Fibroblasts,ECT2,3794,0.008055447575481177,1.3442277279915655
Fibroblasts,EPCAM,3794,0.04820514876738209,5.3241960991038475
Fibroblasts,ERO1A,3794,0.0877082674906842,10.648392198207695
Fibroblasts,FCGR3A,3794,0.05317814687750745,5.245123879810227
Fibroblasts,GNLY,3794,0.0811103380134539,7.4327886136004215
Fibroblasts,KRT18,3794,0.15563715481806262,11.72904586188719
Fibroblasts,KRT19,3794,0.11738084353416643,10.806536636794938
Fibroblasts,LYZ,3794,0.1857613728735414,18.081180811808117
Fibroblasts,MARCO,3794,0.05837824167858954,5.877701634159198
Fibroblasts,MKI67,3794,0.006153685131843766,0.632577754348972
Fibroblasts,MS4A1,3794,0.005642402703291634,0.5798629414865577
Fibroblasts,MZB1,3794,0.01836379649051641,2.319451765946231
Fibroblasts,NAPSA,3794,0.07914623176951421,7.959936742224564
Fibroblasts,NKG7,3794,0.10524444025745637,8.961518186610437
Fibroblasts,PECAM1,3794,0.022272356786696406,2.8729573010015814
Fibroblasts,PLK1,3794,0.005259930113936511,0.7116499736425936
Fibroblasts,PTPRC,3794,0.060049478495869876,5.877701634159198
Fibroblasts,SFTPC,3794,0.7113079661509861,49.52556668423827
Fibroblasts,STEAP1,3794,0.33141924052106453,31.259884027411704
Fibroblasts,TK1,3794,0.014359813784337011,1.6341591987348445
Fibroblasts,TOP2A,3794,0.008774539876646737,1.238798102266737
Fibroblasts,VWF,3794,0.006792749326483715,0.8170795993674222
MAST cells,C1QTNF6,3396,0.0024756074127312826,0.2061248527679623
MAST cells,KNL1,3396,0.003426931551275319,0.23557126030624262
MAST cells,CD14,3396,0.04948667262911521,3.4746760895170787
MAST cells,CD3D,3396,0.04917804782969134,3.3274440518256774
MAST cells,CD3E,3396,0.024471559053538837,1.8256772673733805
MAST cells,CD4,3396,0.056423896761981285,4.269729093050648
MAST cells,CD68,3396,0.4445158699688987,28.65135453474676
MAST cells,CD79A,3396,0.015926698615767416,1.0895170789163722
MAST cells,CD8A,3396,0.011683102428022837,0.8244994110718492
MAST cells,CLDN5,3396,0.010550302085212713,0.7067137809187279
MAST cells,COL1A1,3396,0.012127442386163123,0.88339222614841
MAST cells,DCN,3396,0.03638071477274258,2.502944640753828
MAST cells,DEPDC1B,3396,0.004764028412230471,0.35335689045936397
MAST cells,DKK1,3396,0.0,0.0
MAST cells,ECT2,3396,0.0005255332906234063,0.029446407538280327
MAST cells,EPCAM,3396,0.02983107877779085,1.9434628975265018
MAST cells,ERO1A,3396,0.05052513601554333,3.7985865724381624
MAST cells,FCGR3A,3396,0.0493357206442378,3.4452296819787986
MAST cells,GNLY,3396,0.06076821094263684,3.8869257950530036
MAST cells,KRT18,3396,0.05003359418146353,3.3274440518256774
MAST cells,KRT19,3396,0.3036797475510585,20.43580683156655
MAST cells,LYZ,3396,0.31168401206192,18.963486454652532
MAST cells,MARCO,3396,0.1016753844579627,6.595995288574794
MAST cells,MKI67,3396,0.004895816858271742,0.32391048292108365
MAST cells,MS4A1,3396,0.010653882338674966,0.6772673733804476
MAST cells,MZB1,3396,0.02568362768795692,1.5606595995288575
MAST cells,NAPSA,3396,0.15715250787067767,9.422850412249705
MAST cells,NKG7,3396,0.111667938678996,6.978798586572438
MAST cells,PECAM1,3396,0.02046859887559011,1.678445229681979
MAST cells,PLK1,3396,0.0030723574199879988,0.23557126030624262
MAST cells,PTPRC,3396,0.40961591720540164,26.383981154299175
MAST cells,SFTPC,3396,1.3293514081555868,56.00706713780919
MAST cells,STEAP1,3396,0.001178081994043088,0.08833922261484099
MAST cells,TK1,3396,0.007657851643364121,0.5005889281507656
MAST cells,TOP2A,3396,0.008451410643409867,0.5005889281507656
MAST cells,VWF,3396,0.00699103512228923,0.47114252061248524
Myeloid cells,C1QTNF6,42245,0.0028173319555567116,0.4402887915729672
Myeloid cells,KNL1,42245,0.009135132898503614,1.4581607290803644
Myeloid cells,CD14,42245,1.154199731228724,64.19457924014677
Myeloid cells,CD3D,42245,0.07968851826730426,10.112439341933957
Myeloid cells,CD3E,42245,0.038955054736340214,4.499940821398982
Myeloid cells,CD4,42245,0.486447260322846,48.51698425849213
Myeloid cells,CD68,42245,2.024418312498473,87.50147946502544
Myeloid cells,CD79A,42245,0.02133896497666131,2.4831340987099066
Myeloid cells,CD8A,42245,0.01522852152970704,1.9955024263226417
Myeloid cells,CLDN5,42245,0.00969204074258625,1.15990057995029
Myeloid cells,COL1A1,42245,0.024934952189702254,2.840572848857853
Myeloid cells,DCN,42245,0.060211234789864634,6.670611906734525
Myeloid cells,DEPDC1B,42245,0.005089328256445551,0.8071961178837732
Myeloid cells,DKK1,42245,0.001081287125202056,0.1491300745650373
Myeloid cells,ECT2,42245,0.01758146026270602,2.7908628240028404
Myeloid cells,EPCAM,42245,0.048373354431157894,4.968635341460527
Myeloid cells,ERO1A,42245,0.23964223274829366,26.95466919162031
Myeloid cells,FCGR3A,42245,1.3034869075366087,71.08533554266778
Myeloid cells,GNLY,42245,0.10318195084603972,12.586104864481005
Myeloid cells,KRT18,42245,0.0949338459636647,10.71606107231625
Myeloid cells,KRT19,42245,0.08631750059804384,8.928867321576519
Myeloid cells,LYZ,42245,2.820369988211437,91.25340276955852
Myeloid cells,MARCO,42245,1.2957426755232975,56.82802698544206
Myeloid cells,MKI67,42245,0.03319152463741282,3.09622440525506
Myeloid cells,MS4A1,42245,0.010947216636000677,1.2687892058231742
Myeloid cells,MZB1,42245,0.02236176706140245,2.355308320511303
Myeloid cells,NAPSA,42245,0.07893107984492717,9.73606343946029
Myeloid cells,NKG7,42245,0.18516152385075862,20.37874304651438
Myeloid cells,PECAM1,42245,0.49960400592485044,48.20215410107705
Myeloid cells,PLK1,42245,0.014473800182008596,1.6783051248668481
Myeloid cells,PTPRC,42245,0.7785847203298667,65.2645283465499
Myeloid cells,SFTPC,42245,0.6937372484529427,45.26216120250917
Myeloid cells,STEAP1,42245,0.005678230685887538,0.6793703396851698
Myeloid cells,TK1,42245,0.06528928729104032,6.504911823884483
Myeloid cells,TOP2A,42245,0.032569636887479186,3.032311516155758
Myeloid cells,VWF,42245,0.00877322488570371,1.1906734524795834
T/NK cells,C1QTNF6,64403,0.009230981179344962,0.652143533686319
T/NK cells,KNL1,64403,0.007780158707654082,0.6366163066937875
T/NK cells,CD14,64403,0.022131560922508054,1.5434063630576216
T/NK cells,CD3D,64403,2.0003714719692813,84.68549601726629
T/NK cells,CD3E,64403,1.626755180780076,78.62056115398352
T/NK cells,CD4,64403,0.17758562993932042,12.221480365821467
T/NK cells,CD68,64403,0.05820432970327106,3.8662795211403194
T/NK cells,CD79A,64403,0.05494352837684313,3.8026178904709407
T/NK cells,CD8A,64403,0.48321340895722975,23.03153579802183
T/NK cells,CLDN5,64403,0.004856850302798591,0.31209726254988124
T/NK cells,COL1A1,64403,0.015481869564707587,1.0232442588078194
T/NK cells,DCN,64403,0.027153001606510706,1.681598683291151
T/NK cells,DEPDC1B,64403,0.004915394625340492,0.47358042327220784
T/NK cells,DKK1,64403,0.0004252088337577893,0.03105445398506281
T/NK cells,ECT2,64403,0.004748409439787917,0.3959442883095508
T/NK cells,EPCAM,64403,0.022472077837565798,1.4083194882225984
T/NK cells,ERO1A,64403,0.09605024108085902,6.774529136841452
T/NK cells,FCGR3A,64403,0.2501313947713432,11.721503656661957
T/NK cells,GNLY,64403,0.6962398796636544,20.249056720960205
T/NK cells,KRT18,64403,0.07289812012736814,4.703197056037762
T/NK cells,KRT19,64403,0.05853596659949916,3.561945872086704
T/NK cells,LYZ,64403,0.16430200088375663,10.657888607673556
T/NK cells,MARCO,64403,0.04760420321310685,3.027809263543624
T/NK cells,MKI67,64403,0.022574233698524404,1.4968246820800273
T/NK cells,MS4A1,64403,0.03746558386119732,2.478145428008012
T/NK cells,MZB1,64403,0.043326582750543255,3.0045184230548267
T/NK cells,NAPSA,64403,0.06106511906354875,3.603869384966539
T/NK cells,NKG7,64403,1.3727720513808166,42.199897520301846
T/NK cells,PECAM1,64403,0.049034555795963816,3.2700340046271132
T/NK cells,PLK1,64403,0.00618572881588413,0.5092930453550301
T/NK cells,PTPRC,64403,1.3552461343022817,69.72811825536077
T/NK cells,SFTPC,64403,0.4537270864994515,20.7661133798115
T/NK cells,STEAP1,64403,0.0019100709974434209,0.1226650932409981
T/NK cells,TK1,64403,0.023961816685608196,1.6024098256292407
T/NK cells,TOP2A,64403,0.02080813111982676,1.4098722109218516
T/NK cells,VWF,64403,0.0025106433973054246,0.1614831607223266
