sample,origin,PLK1,ERO1A,KNL1,DEPDC1B,TK1,DKK1,C1QTNF6,STEAP1,ECT2,n_epi_cells,group
BRONCHO_11,mLN,0.07025954454621537,0.8550653621020737,0.024323916580395306,0.015168298198805512,0.1499766236120206,0.02385594866806108,0.011587342194803845,0.09050304690626587,0.09309780708396095,204,tumour_origin
BRONCHO_58,tL/B,0.029806768872012824,0.31484070400721537,0.01211159032505032,0.005461641714513197,0.23108038179537768,0.024027854907756607,0.010315062913066567,0.10184291218433114,0.10601685991442633,497,tumour_origin
EBUS_06,tL/B,0.05348257303078426,0.1963271492810287,0.060096439711619244,0.026081046479627074,0.18630962975811358,0.0052518189822309555,0.11933278610397964,0.0,0.08743258483734925,1197,tumour_origin
EBUS_10,mLN,0.045308817697684516,1.0353135126377366,0.042617983293938316,0.02117097709947327,0.350900114214203,0.15629891983223165,0.015513560024375038,0.5335064535685065,0.04488815512497893,400,tumour_origin
EBUS_12,mLN,0.07238728200916576,0.7137009616961949,0.011619099513059374,0.024995826625662656,0.4463982370578538,0.45440842020552813,0.04017577318204821,0.1961603313329768,0.16709921960025279,262,tumour_origin
EBUS_13,mLN,0.12667795479594166,0.28408447537677284,0.049846527281832025,0.04632342838389661,0.12876261519757812,0.2176257902719989,0.04233346017618285,0.03326065290953556,0.13360392516199165,381,tumour_origin
EBUS_15,mLN,0.08565166324229015,1.272625142318052,0.020513645219912814,0.030283313614787248,0.45115267412572396,0.11004511319792452,0.05473406376473056,0.3475376383130715,0.10587331026811657,263,tumour_origin
EBUS_19,mLN,0.02136009032109071,0.38557872586415887,0.012939291961791858,0.006664322758524689,0.2418076955142803,0.0,0.05822573683726421,0.36823823338275047,0.10331520849542648,228,tumour_origin
EBUS_28,tL/B,0.04118817751901838,0.3588530992648329,0.010739593809088949,0.008329655490206941,0.3426320930064448,0.06230519493887339,0.0156914350184384,0.4213229726904762,0.06017296572155006,4766,tumour_origin
EBUS_49,tL/B,0.07564232695441149,0.44591373537235246,0.03996382965949126,0.031570537914092894,0.20071426468108242,0.10608582426574634,0.025201091974746594,0.048235090378316706,0.08652709345550859,122,tumour_origin
EBUS_51,mLN,0.014249471750341134,0.48247144907798295,0.004357006837782494,0.005739168453950043,0.1541288727778694,0.09525625161442267,0.009546826580055895,0.23076560180287697,0.11774295741030785,1315,tumour_origin
EFFUSION_06,PE,0.12922925412801994,0.22233730060940252,0.11909101365835739,0.05403424533461372,0.3875826870261098,0.010754870469939854,0.1527487499988137,0.03276420876113907,0.2474752488733217,228,tumour_origin
EFFUSION_11,PE,0.017644781930834103,0.5993778104029708,0.005486973065106046,0.003283897076243684,0.08621090400662534,0.011441762774287026,0.05290137582631596,0.15878208396840202,0.05027045494962813,81,tumour_origin
EFFUSION_12,PE,0.170040123282581,0.7345180025798582,0.02407340355291564,0.10022702866340089,0.6558117997893947,0.010078703576002346,0.057104878840825074,0.5853957880314393,0.18735814982522306,25,tumour_origin
EFFUSION_13,PE,0.0036778252911356347,0.1727058533147303,0.006169778030423214,0.004810362384334825,0.06547343560373971,0.11970432409400886,0.09417023888401259,0.4577904022855995,0.05373431260822211,47,tumour_origin
LUNG_N01,nLung,0.0,0.10706836036431075,0.00550485988770289,0.0,0.02740805968978262,0.003959905781194289,0.0,0.006477985001589962,0.01779082971878449,199,normal_lung
LUNG_N06,nLung,0.001203207911978971,0.06814448179411985,0.0,0.0,0.04115930238519492,0.0,0.00902783576997318,0.0030205667807530062,0.017856740326022386,178,normal_lung
LUNG_N08,nLung,0.0,0.0926562397616395,0.0,0.0,0.026402511554804442,0.002223730305773856,0.0,0.00552608874465719,0.012836567196182473,299,normal_lung
LUNG_N09,nLung,0.0018088550558333864,0.1802560417499098,0.0,0.001679315882292123,0.03031862653114679,0.0,0.0,0.0060196878332070035,0.02874796646001634,384,normal_lung
LUNG_N18,nLung,0.0015165785746204033,0.07837247918464635,0.0,0.0,0.0396046619127221,0.019531087626185314,0.0019344873798665516,0.0061886331799003245,0.03159818267846523,399,normal_lung
LUNG_N19,nLung,0.0032807242815414,0.12363131090250352,0.003659922453820764,0.0033617167003202743,0.0380237013006567,0.0,0.0,0.010303981572499767,0.0346172891819713,174,normal_lung
LUNG_N20,nLung,0.007661000951386106,0.08991712597775106,0.002144360226059599,0.0,0.013380788475394095,0.006810965154390533,0.0020196570017594366,0.008325692374072343,0.011284165828614542,305,normal_lung
LUNG_N28,nLung,0.001111837919770675,0.1047947704923016,0.0,0.0,0.02671284548965918,0.0,0.005300562366791834,0.0,0.021705680130483112,233,normal_lung
LUNG_N30,nLung,0.0,0.10713714252803029,0.0022950756685969076,0.0,0.01899032621911588,0.002904561060944115,0.0021410110982340034,0.025182079602708296,0.047182607124687685,334,normal_lung
LUNG_N31,nLung,0.006518754304103288,0.09245424934000208,0.0,0.0017822656760796438,0.025898503367162286,0.00735949678996768,0.005027312499729138,0.004532427777912895,0.03440995317445162,548,normal_lung
LUNG_N34,nLung,0.0010154932385909015,0.12043157628803977,0.001273404612539125,0.0,0.020182792091114888,0.007328495173400651,0.0039047671472588765,0.005932449317290342,0.014608518580040954,650,normal_lung
LUNG_T06,tLung,0.0,0.2289407842628659,0.0,0.0,0.041693252897714354,0.0,0.010513570792378357,0.0704019591917839,0.04892016594477463,145,tumour_origin
LUNG_T08,tLung,0.0,0.2659159525738854,0.0,0.0,0.043937564436130484,0.01754180197345944,0.0,0.04547200260363266,0.0043530068428699045,42,tumour_origin
LUNG_T09,tLung,0.004646430568061462,0.2264439974396182,0.001883173361957699,0.0,0.043248014901532954,0.0036792118834042525,0.0,0.018299404652699806,0.04803924714273758,119,tumour_origin
LUNG_T18,tLung,0.026405387782785922,0.6273256184879459,0.015684849457951334,0.023141232064803608,0.2432794482086974,0.08580722177687439,0.05856170435257661,0.17318761453907452,0.06282242103271997,1028,tumour_origin
LUNG_T19,tLung,0.004621613805671915,0.15714191498481012,0.001370427896408199,0.0007588252871411629,0.05317717675248747,0.0034629466366588955,0.011831898918984084,0.008470159588820626,0.03430946607685365,316,tumour_origin
LUNG_T20,tLung,0.03139567347619786,0.64266600331614,0.008893663367836835,0.013639775875345143,0.15408126495864397,0.015269659140196009,0.02103941094816372,0.22819485127862632,0.11888221615234308,526,tumour_origin
LUNG_T25,tLung,0.010492941287922984,0.16640185876199085,0.0036917273363368665,0.0051227807092049,0.0321567335344818,0.024028113760246318,0.011242766229719878,0.0,0.03586972508447925,226,tumour_origin
LUNG_T28,tLung,0.02338340862567958,0.3568399102363836,0.006630104760222378,0.009739771573201151,0.1846742083132218,0.06004683093156106,0.017474756572607747,0.12684932618876016,0.06780093560254281,1228,tumour_origin
LUNG_T30,tLung,0.0024241265397434756,0.12676841390575208,0.0,0.0014693826478128142,0.03855944201718121,0.012653701768849711,0.003253942905033274,0.0,0.03460944975355583,882,tumour_origin
LUNG_T31,tLung,0.010822190648586213,0.4285485769526359,0.007486687775085672,0.007904167962164562,0.10933696900465235,0.12986007428871427,0.09105158636256372,0.02714236702273202,0.052306938968883374,272,tumour_origin
LUNG_T34,tLung,0.007097496803814502,0.3770640951178819,0.0036463900733101576,0.001894137996446175,0.07826038141025198,0.0027978789140554435,0.013025523178525676,0.014008719283175054,0.07684353278305886,2486,tumour_origin
NS_02,mBrain,0.002170402630537609,0.5897217600476762,0.014163523880034288,0.0014189888051140231,0.004080743370448789,0.028123538541434123,0.0514334460793912,0.4112986233391327,0.04182731720272705,181,tumour_origin
NS_03,mBrain,0.02719660841771448,2.04466623743287,0.014410957852582954,0.014375425008328016,0.35142697790823496,0.027798867395189362,0.27379835714787787,0.27505314235780226,0.04393046735869343,2720,tumour_origin
NS_04,mBrain,0.04036737182774455,0.2731673335545773,0.0050992849456222835,0.030686332732954374,0.11564108457750484,0.0029526426847215547,0.011913979583221794,0.1468779239779238,0.09641043409431838,1234,tumour_origin
NS_06,mBrain,0.0,0.2959621521871696,0.0,0.0011767477677618783,0.1212286071971375,0.3664146818943366,0.030588686167736637,0.3777538631492757,0.03397309166961119,84,tumour_origin
NS_07,mBrain,0.0177463263130493,1.049026645443085,0.012580636776727926,0.003733979971602782,0.06323937417075355,0.026050396945267795,0.00494606345109954,0.3957903418318937,0.09562193128633291,5112,tumour_origin
NS_12,mBrain,0.029539941349224098,0.3008138986095703,0.008521992769394606,0.01640477256417302,0.18174933856066244,0.001021670838649641,0.011747558374926359,0.34325525223163,0.045962445427344,2815,tumour_origin
NS_13,mBrain,0.02285190807038522,0.3132574287230238,0.0025382306498625586,0.004837859078955104,0.04566081048591079,0.013813230553264706,0.018245283106471208,0.012268144988798932,0.018977292511725665,1363,tumour_origin
NS_16,mBrain,0.01598871204120201,0.5167010155110278,0.00373246894779282,0.016136958234010856,0.09911434664811103,0.6021116437231575,0.04990453326333459,0.10458056528511529,0.052424145984101854,81,tumour_origin
NS_17,mBrain,0.02968729648806585,0.40751097162998257,0.0028462967296076416,0.00766684092381255,0.20149002665787424,0.0001564106456154389,0.013701970299651199,0.08522160564820333,0.02522307904093409,1117,tumour_origin
NS_19,mBrain,0.08317908537076371,0.7330994928563461,0.06608153327601135,0.03355346736985479,0.4965527785629924,0.0011625602244858173,0.018500001581311234,0.13223456460744237,0.22619995091930797,756,tumour_origin
