gene,malignant_mean,normal_mean,log2fc,diff,n_malignant,n_normal,mannwhitney_p
PLK1,0.03034384583742063,0.0024068981137580444,3.6556052379957307,0.027936947723662585,32764,3703,8.344499841462377e-37
ERO1A,0.6321000652088068,0.10794288097814898,2.5498737825600064,0.5241571842306578,32764,3703,0.0
KNL1,0.01390798049564763,0.0010749640197212165,3.6923149366545114,0.012833016475926412,32764,3703,7.478136044658053e-22
DEPDC1B,0.011744894772093296,0.000595862164501093,4.298615004848024,0.011149032607592204,32764,3703,1.964992319206182e-22
TK1,0.19206204767861065,0.02665267202831996,2.849173766467201,0.16540937565029068,32764,3703,8.835481708678602e-153
DKK1,0.040076462144585476,0.005695332013175573,2.8146860125853213,0.03438113013140991,32764,3703,1.1356403165602963e-39
C1QTNF6,0.04256679907172725,0.002764786727248474,3.9440006807055634,0.03980201234447878,32764,3703,2.840956425795514e-62
STEAP1,0.23378947464023672,0.0073839619868272316,4.984481845989035,0.2264055126534095,32764,3703,7.85641954401957e-292
ECT2,0.07438943472256547,0.02507091197816564,1.5690451085628996,0.04931852274439983,32764,3703,7.464679997780034e-66
