gene,tumour_sample_mean,normal_sample_mean,sample_level_diff,n_tumour_samples,n_normal_samples,mannwhitney_p_sample_level,fdr_sample_level
PLK1,0.03740621048385216,0.0021924047488931938,0.03521380573495897,36,11,8.722850777952233e-05,0.00011215093857367157
ERO1A,0.5056027040539056,0.1058967071257504,0.3997059969281552,36,11,1.1628172978366863e-06,1.0465355680530177e-05
KNL1,0.01731144562104194,0.0013525111680653895,0.01595893445297655,36,11,0.00021676174632584677,0.00024385696461657762
DEPDC1B,0.016050144354578338,0.0006202998416992765,0.015429844512879062,36,11,3.970603821649732e-05,8.933858598711897e-05
TK1,0.1883758492428068,0.028007465365159447,0.16036838387764735,36,11,5.106622086940755e-06,2.2979799391233395e-05
DKK1,0.07866371895330986,0.004556203808350586,0.07410751514495927,36,11,0.0014643720304649303,0.0014643720304649303
C1QTNF6,0.04117659504542317,0.0026686939330557292,0.03850790111236744,36,11,1.4338176067173372e-05,4.301452820152012e-05
STEAP1,0.1834018291189503,0.007409962925871921,0.17599186619307838,36,11,5.200086055832399e-05,7.800129083748599e-05
ECT2,0.08083098650583835,0.02478531821815638,0.05604566828768197,36,11,4.446450662837152e-05,8.003611193106873e-05
